提供元案件番号,委託元,業界,PJフェーズ,モジュール,SAP案件,単価,募集人数,開始日,終了日,勤務地,案件概要,必須要件,歓迎要件,言語力,メインポジション,商流
1930719-5,マンパワーグループ,素材メーカー,要確認,SD/MM,〇,要確認,1,2024/8/1,2024/12/31,リモート（六本木オフィスへの出社の可能性あり）," 素材メーカー向けSAP S/4HANA導入プロジェクト（販売物流 移行担当）
 販売物流領域での移行作業計画/作業管理
  - ベンダー作業の取りまとめ：移行・教育方針は展開済み、方針にのっとった各ベンダの作業計画作成、作業実施のスケジュールと進捗の把握、全体整合性の調整
  - S4チームの作業詳細化：移行ツール要件定義/開発の計画作成とアプリチームとの調整、操作マニュアル作成の計画作成とアプリチームとの調整、システム移行計画の具体化
 月間想定工数：160h±30h（業務量に依る費用精算あり）
 1名募集
 個人事業主不可
 海外在住（遠隔作業含む）不可
 7月中の作業開始も可能
 延長の可能性あり"," 上記業務内容の経験
 ロジ系領域の移行（データ、システム、業務移行）経験
 SAP SD/MMのプロジェクト経験、知見",記載なし,"日本語：ネイティブ
英語：不要",移行リーダー,要確認